182	K859
182	N930
182	I74
182	T8092XD
183	M79601
183	R4701
183	R464
183	M2655
183	I652
183	M21733
184	B349
184	H3482
185	Z992
185	T8242XA
185	Z4682
186	S82142F
186	Y844
187	M67412
187	M2655
187	S63013S
187	T370X6
187	S35513
188	M25561
188	R30
189	R4184
189	M429
190	C7981
191	C693
191	S36118A
192	S34114S
193	I739
193	S7502
193	S85019S
193	S8514
193	S85141S
193	S85019S
193	S8514
194	I6523
194	S15121S
195	Q261
195	S35311
195	T704XXS
196	P7422
196	K115
196	S22060
196	S22080
196	S2239
197	M21331
197	S5261
197	S43316D
198	J939
198	J949
198	S2733
198	J439
198	J90
198	M264
198	Q7292
198	J949
199	T84092S
200	T84092
200	Z189
200	J958
200	S41009S
201	D151
201	S52559S
201	S11029
201	Q263
201	S36532
201	S8204
201	S32119
201	M549
201	M10021
